rgn_id,shoreline_access,shoreline_area_km,shoreline_mile,value
1,132,640,397.67744,0.331927303
2,236,663,411.968973,0.572858675
3,209,382,237.363722,0.880505236
4,,201,124.895571,0.595097071
