rgn_id,mean
1,0.00269814
2,0.003926662
3,0.015552674
4,0.005703612
