rgn_id,score
1,0.79199755
2,0.79199755
3,0.79199755
4,0.79199755
