rgn_id,km2
1,612.3015611
2,372.2944677
3,75.59278532
4,51.02513009
