rgn_id,km2
1,2718.605846
2,3206.864611
3,1258.569925
4,1471.886862
