rgn_id,mean
1,0.013925902
2,0.010332161
3,0.043412462
4,0.022152879
