rgn_id,pressure_score
1,0.529654306396352
2,0.529654306396352
3,0.529654306396352
4,0.529654306396352
