rgn_id,res_score
1,0.181339768
2,0.342169884
3,0.397592736
4,0.249092654
