rgn_id,mean
1,0.034306367
2,0.014532796
3,0.025391304
4,0.014502227
