rgn_id,pressure_score
1,0.547954975695633
2,0.547954975695633
3,0.547954975695633
4,0.547954975695633
