rgn_id,mean
1,0.027954883
2,0.116412376
3,0.386250183
4,0.170670801
