rgn_id,mean
1,0.994363592
2,0.989869795
3,0.999999642
4,0.995892985
