rgn_id,pressure_score
1,0.269267317027049
2,0.269267317027049
3,0.269267317027049
4,0.269267317027049
