rgn_id,mean
1,0.933094824
2,0.642924724
3,0.428590892
4,0.477790456
