rgn_id,mean
1,0.805765505
2,0.940571851
3,0.887443817
4,0.936699503
