rgn_id,pressure_score
1,0.305541293448998
2,0.305541293448998
3,0.305541293448998
4,0.305541293448998
