rgn_id,mean
1,0.390247779
2,0.360386011
3,0.345195302
4,0.413763334
