rgn_id,res_score
1,1
2,0.782608696
3,0.739130435
4,0.52173913
