rgn_id,habitat,extent_rank
1,coral,15875.68
1,mangrove,3095.508496
1,saltmarsh,47241.0
1,seagrass,17906.0
1,seaice_shoreline,292708.333333333
2,coral,15875.68
2,mangrove,3095.508496
2,saltmarsh,47241.0
2,seagrass,17906.0
2,seaice_shoreline,292708.333333333
3,coral,15875.68
3,mangrove,3095.508496
3,saltmarsh,47241.0
3,seagrass,17906.0
3,seaice_shoreline,292708.333333333
4,coral,15875.68
4,mangrove,3095.508496
4,saltmarsh,47241.0
4,seagrass,17906.0
4,seaice_shoreline,292708.333333333
