value,rgn_id
23.82471901,1
21.71829325,4
 6.03 ,2
4.882043103,3
