rgn_id,mean
1,0.134496632
2,0.001551663
3,0.061234501
4,7.96712E-05
