rgn_id,pressure_score
1,0.436297505174195
2,0.436297505174195
3,0.436297505174195
4,0.436297505174195
