rgn_id,resilience.score
1,0.73015
2,0.73015
3,0.73015
4,0.73015
