rgn_id,resilience.score
1,0.170308874499759
2,0.170308874499759
3,0.170308874499759
4,0.170308874499759
