rgn_id,mean
1,0.047607748
2,0.033990954
3,0.102532231
4,0.032361312
