rgn_id,pressure_score
1,0.113929431769874
2,0.113929431769874
3,0.113929431769874
4,0.113929431769874
