rgn_id,pressure_score
1,0.11612808
2,0.094223931
3,1
4,0.134576849
