rgn_id,mean
1,0.000149342
2,0.000933281
3,0.005443232
4,0.000421283
