rgn_id,km2
1,507.7281544
2,531.0963958
3,280.418897
4,231.5580286
