rgn_id,km2
1,793.6489072
2,1632.263758
3,377.7139275
4,150.6359116
