rgn_id,health_n
1,0.290909091
2,0.106060606
3,0.104347826
4,0.888888889
