rgn_id,pressure_score
1,0.217506183632589
2,0.217506183632589
3,0.217506183632589
4,0.217506183632589
