rgn_id,mean
1,0.042465215
2,0.025491628
3,0.067798332
4,0.045458598
