rgn_id,mean
1,0.005922086
2,0.003675743
3,0.017864443
4,0.008282874
