rgn_id,mean
1,0.008969453
2,0.023848564
3,0.007977307
4,0.069667985
