rgn_id,mean
1,0.001371659
2,0.003275055
3,0.002534049
4,0.001193221
