rgn_id,res_score
1,0.871153846
2,0.871153846
3,0.871153846
4,0.871153846
