rgn_id,score
1,0.937343219847325
2,0.937343219847325
3,0.937343219847325
4,0.937343219847325
