rgn_id,res_score
3,0.547632782
2,0.567559488
1,0.610356886
4,0.663688737
