rgn_id,mean
1,0.410004608
2,0.743496673
3,0.833543598
4,0.660277118
