rgn_id,access_score
1,0.637143765
2,0.55842897
3,0.677708664
4,0.560260697