rgn_id,access_score
1,0.981564366
2,0.909168512
3,0.721422781
4,0.923633741