rgn_id,shoreline_access,shoreline_area_km,value
1,132,428,0.308411215
2,236,338,0.698224852
3,209,220,0.95
4,,220,0.652212022
