rgn_id,value
1,6.216109655
4,6.915275292
2,6.429199049
3,3.16110399
