rgn_id,value,rez_biomass_value
1,71.40373423,6.216109655
4,74.11717509,6.915275292
2,62.71754478,6.429199049
3,50.63107955,3.16110399
