rgn_id,value,trend
1,71.40373423,0.0144
2,62.71754478,-0.0126
3,50.63107955,0.035
4,74.11717509,0.022
