rgn_id,habitat,km2
1,reef,238.55
2,reef,461.29
3,reef,374.17
4,reef,347.26
1,beach,0.0628531
2,beach,2.9922911
3,beach,0.998064
4,beach,0.73387
1,wetlands,0.1648569
2,wetlands,11.8726214
3,wetlands,6.7447414
4,wetlands,3.8062138
