rgn_id,mean,
1,1,
2,0.012542985,
3,0.37370357,
4,0.000306617,