rgn_id,res_score
1,0.291932318
2,0.508990542
3,0.300113581
4,0.102342045
