rgn_id,resilience_score
1,0.612622254289042
2,0.612622254289042
3,0.612622254289042
4,0.612622254289042
