rgn_id,w_fis,equal
1,0.999042907,0.5
2,0.997320227,0.5
3,0.996169094,0.5
4,0.99944964,0.5
