rgn_id,w_fis
1,0.966295636350819
2,0.966295636350819
3,0.966295636350819
4,0.966295636350819
