rgn_id,resilience_score
1,0.401603087
2,1
3,0.252883538
4,0.242638837
