rgn_id,area_acres
1,347.462395376
2,668.664879649
3,569.912424831
4,13.964599398
