rgn_id,mean,
1,0.874383532,
2,0.839217999,
3,1,
4,0.577720435,