rgn_id,mean
1,0.043632704
2,0.016624596
3,0.156628646
4,0.028490618
