rgn_id,mean,
1,0.129537509,
2,0.207241849,
3,1,
4,0.243246017,