county_gdp,year,rgn_id
5501.829873,2015,3
1731.790029,2015,1
1352.712836,2015,4
3209.667261,2015,2
5584.360358,2014,3
1747.110336,2014,1
1367.542914,2014,4
3241.986393,2014,2
5612.887528,2013,3
1709.507409,2013,1
1363.515497,2013,4
3169.089567,2013,2
5774.173116,2012,3
1682.870937,2012,1
1315.146241,2012,4
3087.809707,2012,2
4983.510625,2011,3
1452.433972,2011,1
1135.062135,2011,4
2664.993268,2011,2
