rgn_id,current,historical ,health_n
1,16,55,0.290909091
2,7,66,0.106060606
3,12,115,0.104347826
4,8,9,0.888888889
