rgn_id,area_acres
1,214.288959567
2,259.837075503
3,173.66171139
4,6.041830671
