rgn_ID,Island_OHI,CRI
1,Hawaii,27.4375
2,Kauai,20.13888889
3,MauiNui,24.15340909
4,Oahu,11.45833333
