rgn_id,AREA_0,area_km
1,27670228.33,27.67022833
2,78753726.8,78.7537268
3,223490305.8,223.4903058
4,68111331.28,68.11133128
