year,rgn_id,km2,habitat,rgn_id,trend
1992,1,2.2491,wetlands,1,-2.0842431
1992,2,10.9611,wetlands,2,0.9115214
1992,3,10.0134,wetlands,3,-3.2686586
1992,4,4.1544,wetlands,4,-0.3481862
2005,1,2.27245532,wetlands,,
2005,2,7.9928,wetlands,,
2005,3,9.5911093,wetlands,,
2005,4,3.4019325,wetlands,,
2010,1,0.1648569,wetlands,,
2010,2,11.8726214,wetlands,,
2010,3,6.7447414,wetlands,,
2010,4,3.8062138,wetlands,,
