year,rgn_id,km2,habitat
2010,1,0.1648569,wetlands
2010,2,11.8726214,wetlands
2010,3,6.7447414,wetlands
2010,4,3.8062138,wetlands
