key_sp,mean_catch,mean_score
Bery_Alfonsin,35,0.8794444444444445
Cara_Butaguchi ulua,306.2,0.8755555555555555
Cara_Gunkan ulua,365.8,0.8755555555555555
Cara_Kahala,15621.4,0.8755555555555555
Cara_White ulua,13177.2,0.8755555555555555
Lutj_Ehu,30173.4,0.842
Lutj_Gindai,3000.8,0.84
Lutj_Kalekale,14256.6,0.8442666666666666
Lutj_Lehi,10331.6,0.84
Lutj_Onaga,61830,0.84
Lutj_Opakapaka,130982,0.8442666666666666
Lutj_Taape,31372.8,1
Lutj_Uku,110802,0.9786666666666666
Serr_Hapuupuu,9193.6,0.84
