rgn_id,AVERAGE MAX DHW,pressure_score
1,11.36368344,1
2,9.047295994,1
3,6.608787966,1
4,7.030467916,1