rgn_id,mean
1,0.050628124
2,0.050144094
3,0.051355287
4,0.050107104
