rgn_id,mean
1,0.164697301
2,0.203368857
3,0.300670597
4,0.186844192
