rgn_id,area_acres
1,214.2889596
2,259.8370755
3,173.6617114
4,6.041830671
