rgn_id,mean,
1,0.320781196,
2,0.237999892,
3,1,
4,0.510288475,