rgn_id,mean,,
1,0.181114167,,
2,0.467648182,,
3,0.465317221,,
4,0.416020778,,