rgn_id,mean
1,0.196356036
2,0.073923158
3,0.101880492
4,0.149707196
