rgn_id,pressure_score
1,0.255378309885661
2,0.255378309885661
3,0.255378309885661
4,0.255378309885661
