rgn_ID,Island_OHI,RezBio
1,Hawaii,6.216109655
2,Kauai,6.915275292
3,MauiNui,6.429199049
4,Oahu,3.16110399
