rgn_id,resilience_score
1,0.637143765
4,0.560260697
2,0.55842897
3,0.677708664