rgn_id,Potential CBSFA Communities,Active Fishponds,sum,score
1,7,16,23,1
2,11,7,18,0.782608696
3,5,12,17,0.739130435
4,4,8,12,0.52173913
