rgn_id,AREA_0,area_km
1,12745522.43,12.74552243
2,23366791.11,23.36679111
3,25491044.85,25.49104485
4,27615298.59,27.61529859
