rgn_id,Island_OHI,TotBio
1,Hawaii,7.335072563
4,Kauai,7.573706872
2,MauiNui,7.563113682
3,Oahu,4.271663586
