rgn_id,score
1,1
2,0.826689775
3,0.52779841
4,0.715055982
