rgn_id,Island_OHI,fish.rich
1,Hawaii,31.54812385
4,Kauai,29.31673542
2,MauiNui,28.93157689
3,Oahu,24.64788067
